<?xml version="1.0" encoding="UTF-8"?>
<feature
      id="com.codeswat.flowchart4j"
      label="Flowchart4j Feature"
      version="2.0.1"
      provider-name="KGI"
      plugin="com.codeswat.flowchart4j.Flowchart4jPlugin"
      os="win32"
      ws="win32"
      nl="en"
      arch="x86">

   <description url="http://www.codeswat.com/">
      Program Visualizer. Automated flowchart generator for Java.
Get oriented to code quickly,improve understandability of code.
   </description>

   <copyright url="license.html">
      (C) Kriyagram Informatiques Private Limited.
Chennai, India.
   </copyright>

   <license url="license.html">
      License Agreement 
Please read the following license carefully: 
This is a legal agreement between you, the end user, and Kriyagram
Informatiques Private Limited (Kriyagram). Flowchart4j (the &quot;Software&quot;)
is owned by Kriyagram and is protected by copyright law. Upon
acceptance of the terms of this License Agreement, your rights
and obligations with respect to use of the Software are as follows.
BUYERS. Kriyagram grants you a non-exclusive, nontransferable
license to use one copy of the enclosed Kriyagram Software program
on a single computer for your personal use on the understanding
that a single person uses each licensed copy. Purchasers of the
Software are therefore licensed to use it themselves on one computer
at a time, and to make a single backup copy for their own use.
No other license is given. In particular, The Software may not
be installed on a computer network for use by more than one person
unless a valid license is acquired for each person who will use
the Software over the network. The Software may not be rented
or leased to others, and the conditions of this sale apply to
the purchaser in any resale. A single license of the software
may not be transferred between users in the same organization
more than once per calendar quarter. Floating or concurrent license
usage is expressly prohibited. 
EVALUATORS. Kriyagram grants you a non-exclusive right to use
the enclosed Kriyagram Software program on a single computer
for evaluation of the Software. Evaluators of the Software are
therefore granted the right to use it themselves on one computer.
No other license is given. 
COPYRIGHT. The Software and Documentation are copyrighted by
Kriyagram, and are protected by international copyright laws.
The product contains copyrighted software of Kriyagram. All rights
reserved. You agree not to remove any Kriyagram or other trademarks
or copyright notices from the Software or Documentation. 
OTHER RESTRICTIONS. You may not disclose, publish, translate,
rent, lease, transfer, export or otherwise make available the
Software registration key in any form, to any person or entity,
except as expressly licensed herein. You may not reverse engineer,
decompile or disassemble the Software. 
RUNTIME RIGHTS AND LIMITATIONS. You (a) cannot use Kriyagram
or related names, logos or trademarks to market your software
without express written permission; and (b) agree to indemnify,
hold harmless and defend Kriyagram from and against any claims
or lawsuits, including attorneys&apos; fees, that arise or result
from the use or distribution of your software. The license in
this section is royalty-free provided that your software application
product is created using the Software. Please contact Kriyagram,for
the applicable licensing terms for all other uses and/or distribution.
IN NO EVENT SHALL KRIYAGRAM BE LIABLE FOR ANY LOSS OF PROFIT
OR ANY OTHER DAMAGE, INCLUDING BUT NOT LIMITED TO SPECIAL, INCIDENTAL,
CONSEQUENTIAL OR OTHER DAMAGES. THE SOFTWARE IS PROVIDED &quot;AS
IS&quot; WITHOUT WARRANTY OF ANY KIND. KRIYAGRAM SPECIFICALLY DISCLAIMS
ALL OTHER WARRANTIES, EXPRESS OR IMPLIED, INCLUDING WITHOUT LIMITATION
THE IMPLIED WARRANTIES OF MERCHANTABILITY OR FITNESS FOR A PARTICULAR
USE. KRIYAGRAM DOES NOT WARRANT THAT THE SOFTWARE WILL MEET YOUR
REQUIREMENTS OR THAT THE OPERATION OF THE SOFTWARE WILL BE UNINTERRUPTED
OR ERROR-FREE.
 
ENTIRE AGREEMENT.
You agree that this Agreement expresses the entire understanding
between you and Kriyagram., and supersedes all other communications,
oral or written, relating to the Software. 
COPYRIGHT 2005 - 2007
Kriyagram Informatiques Private Limited. 
PROVIDER: Kriyagram Informatiques Private Limited #10, 2nd Street,
Anna Nagar,Velachery, Chennai, India - 600 042
   </license>

   <url>
      <update label="Flowchart4j" url="http://www.codeswat.com/fc4j/update/"/>
      <discovery label="CodeSWAT" url="http://www.codeswat.com"/>
   </url>

   <requires>
      <import plugin="org.eclipse.ui"/>
      <import plugin="org.eclipse.core.runtime"/>
      <import plugin="org.eclipse.core.resources"/>
      <import plugin="org.eclipse.jdt.ui"/>
      <import plugin="org.eclipse.ui.editors"/>
      <import plugin="org.eclipse.ui.workbench.texteditor"/>
      <import plugin="org.eclipse.jface.text"/>
      <import plugin="org.eclipse.ui.ide"/>
      <import plugin="org.eclipse.ui.forms"/>
      <import plugin="org.eclipse.ui.views"/>
      <import plugin="org.eclipse.jdt.core"/>
   </requires>

   <plugin
         id="com.codeswat.flowchart4j.Flowchart4jPlugin"
         download-size="0"
         install-size="0"
         version="2.0.1"/>

</feature>
